model,input,mask,seeds,accMean,accStd,f1Mean,f1Std
majority,-,True,1,0.1945,0,0.0651,0
tfidf-lr,prompt,True,1,0.2066,0,0.2065,0
tfidf-lr,response,True,1,0.616,0,0.617,0
tfidf-lr,both,True,1,0.6017,0,0.602,0
cnn,response,True,3,0.601,0.0044,0.6019,0.0028
cnn,both,True,3,0.602,0.0012,0.6027,0.0021
cnn,response,True,3,0.6092,0.0032,0.6097,0.0026
cnn,prompt,True,3,0.1978,0.0055,0.1886,0.0125
cnn,both,True,3,0.6006,0.0051,0.6033,0.001
lstm,response,True,3,0.617,0.0074,0.6145,0.0066
lstm,prompt,True,3,0.1996,0.004,0.1849,0.0016
lstm,both,True,3,0.5872,0.0144,0.5951,0.0135
cnn,response,False,3,0.6109,0.0099,0.6147,0.009
